,LIMIT_BAL,SEX,EDUCATION,MARRIAGE,AGE,PAY_1,PAY_2,PAY_3,PAY_4,PAY_5,PAY_6,BILL_AMT1,BILL_AMT2,BILL_AMT3,BILL_AMT4,BILL_AMT5,BILL_AMT6,PAY_AMT1,PAY_AMT2,PAY_AMT3,PAY_AMT4,PAY_AMT5,PAY_AMT6,DEFAULT
count,30000.0,30000.0,30000.0,30000.0,30000.0,30000.0,30000.0,30000.0,30000.0,30000.0,30000.0,30000.0,30000.0,30000.0,30000.0,30000.0,30000.0,30000.0,30000.0,30000.0,30000.0,30000.0,30000.0,30000.0
mean,5526.982648,1.6037333333333332,1.8531333333333333,1.5518666666666667,35.4855,-0.0167,-0.13376666666666667,-0.1662,-0.22066666666666668,-0.2662,-0.2911,1690.3699197,1622.9094805000002,1551.4341084000002,1427.6773159,1330.2762319,1282.7680932,186.8981565,195.39839550000002,172.44748950000002,159.26053660000005,158.3797919,172.1115847,0.2212
std,4281.672831717679,0.48912919609026045,0.7903486597207291,0.5219696006132487,9.217904068090188,1.1238015279973348,1.1971859730345533,1.1968675684465735,1.1691386224023375,1.1331874060027483,1.1499876256079027,2429.9833989924755,2348.734369823436,2288.5297850922157,2122.984252419238,2006.3061404187408,1965.2855487126094,546.5882516828503,760.3487232678889,581.0297285035025,516.9832715530563,504.1840874117781,586.6563705893648,0.41506180569093337
min,330.0,1.0,0.0,0.0,21.0,-2.0,-2.0,-2.0,-2.0,-2.0,-2.0,-5464.14,-2302.641,-5189.712,-5610.0,-2684.022,-11206.899000000001,0.0,0.0,0.0,0.0,0.0,0.0,0.0
25%,1650.0,1.0,1.0,1.0,28.0,-1.0,-1.0,-1.0,-1.0,-1.0,-1.0,117.43875,98.49675,87.98625000000001,76.78275,58.179,41.448,33.0,27.489,12.870000000000001,9.768,8.3325,3.8857500000000003,0.0
50%,4620.0,2.0,2.0,2.0,34.0,0.0,0.0,0.0,0.0,0.0,0.0,738.5895,699.6,662.9205,628.716,597.4485,563.3430000000001,69.3,66.297,59.400000000000006,49.5,49.5,49.5,0.0
75%,7920.0,2.0,2.0,2.0,41.0,0.0,0.0,0.0,0.0,0.0,0.0,2214.003,2112.20625,1985.43675,1798.698,1656.2865000000002,1623.54225,165.198,165.0,148.66500000000002,132.43725,133.0395,132.0,0.0
max,33000.0,2.0,6.0,3.0,79.0,8.0,8.0,8.0,8.0,8.0,8.0,31828.863,32469.723,54914.937000000005,29422.338,30596.643,31734.912,28827.216,55580.547000000006,29569.32,20493.0,14075.457,17445.978,1.0
